{"SaleType": {"class_counts": [["WD", 125], ["New", 15], ["COD", 3], ["ConLD", 1], ["CWD", 1], ["Con", 1]], "avg_precision": 0.49483204134366926, "avg_recall": 0.4444444444444444, "avg_f1": 0.46404199475065616, "avg_accuracy": 0.9726027397260274, "weighted_precision": 0.9529043219709037, "weighted_recall": 0.9726027397260274, "weighted_f1": 0.9618595620752886, "weighted_accuracy": 0.9726027397260274, "class_precision": [0.9689922480620154, 1.0, 1.0, 0.0, 0.0, 0.0], "class_recall": [1.0, 1.0, 0.6666666666666666, 0.0, 0.0, 0.0], "class_f1": [0.9842519685039369, 1.0, 0.8, 0.0, 0.0, 0.0], "class_accuracy": 0.9726027397260274, "num_classes": 6, "num_applicable_rows": 146, "confusion_matrix": [["WD", [["WD", 125]]], ["New", [["New", 15]]], ["COD", [["COD", 2], ["WD", 1]]], ["ConLD", [["WD", 1]]], ["CWD", [["WD", 1]]], ["Con", [["WD", 1]]]], "precision_recall_curves": {"WD": {"precision": [1.0, 1.0, 1.0, 1.0, 1.0, 1.0, 1.0, 1.0, 1.0, 1.0, 1.0, 1.0, 1.0, 1.0, 1.0], "recall": [1.0, 0.976, 0.968, 0.952, 0.92, 0.888, 0.856, 0.848, 0.44, 0.424, 0.416, 0.408, 0.216, 0.184, 0.0], "thresholds": [0.9569817185401917, 0.9571234583854675, 0.9760896563529968, 0.99114590883255, 0.9940369129180908, 0.9949014186859131, 0.9951080679893494, 0.9951848387718201, 0.9952417612075806, 0.9956327080726624, 0.9956347346305847, 0.9960987567901611, 0.9966359734535217, 0.9967821836471558]}, "New": {"precision": [1.0, 1.0, 1.0, 1.0], "recall": [1.0, 0.3333333333333333, 0.2, 0.0], "thresholds": [0.9804962277412415, 0.9908477067947388, 0.9924282431602478]}, "COD": {"precision": [1.0, 1.0, 1.0], "recall": [1.0, 0.6666666666666666, 0.0], "thresholds": [0.43343010544776917, 0.8999999761581421]}, "ConLD": {"precision": [1.0, 1.0], "recall": [1.0, 0.0], "thresholds": [0.044338829815387726]}, "CWD": {"precision": [0.5, 0.0, 1.0], "recall": [1.0, 0.0, 0.0], "thresholds": [0.001572123495861888, 0.0021163318306207657]}, "Con": {"precision": [1.0, 1.0], "recall": [1.0, 0.0], "thresholds": [0.0007962797535583377]}}}}